{
  "figures": {
    "tchp": {
      "observed_points_map": "/home/suramya/HHP-Prediction/OHC/output/presentation_spatial_ablation_2024_2025/tchp_observed_points_map.png",
      "spatial_ablation_density": "/home/suramya/HHP-Prediction/OHC/output/presentation_spatial_ablation_2024_2025/tchp_spatial_ablation_density.png",
      "error_and_correction_maps": "/home/suramya/HHP-Prediction/OHC/output/presentation_spatial_ablation_2024_2025/tchp_error_and_correction_maps.png",
      "rows": 60666,
      "dates": 467
    },
    "d26": {
      "observed_points_map": "/home/suramya/HHP-Prediction/OHC/output/presentation_spatial_ablation_2024_2025/d26_observed_points_map.png",
      "spatial_ablation_density": "/home/suramya/HHP-Prediction/OHC/output/presentation_spatial_ablation_2024_2025/d26_spatial_ablation_density.png",
      "error_and_correction_maps": "/home/suramya/HHP-Prediction/OHC/output/presentation_spatial_ablation_2024_2025/d26_error_and_correction_maps.png",
      "rows": 60666,
      "dates": 467
    },
    "stats": "/home/suramya/HHP-Prediction/OHC/output/presentation_spatial_ablation_2024_2025/spatial_ablation_stats.png"
  },
  "stats": {
    "tchp": {
      "raw RTOFS": {
        "mae": {
          "point": 16.614364205413796,
          "lo": 16.419902736608858,
          "hi": 16.794629724600824
        },
        "rmse": {
          "point": 23.24865365258205,
          "lo": 22.98468847024196,
          "hi": 23.503073220545918
        },
        "abs_bias": {
          "point": 11.246841431339508,
          "lo": 10.999340245966561,
          "hi": 11.496542009728069
        }
      },
      "corrected, no coordinate features": {
        "mae": {
          "point": 12.742074279792151,
          "lo": 12.59842667627152,
          "hi": 12.881011657620535
        },
        "rmse": {
          "point": 18.052469594069702,
          "lo": 17.771659968689274,
          "hi": 18.328136484994857
        },
        "abs_bias": {
          "point": 0.488609256713149,
          "lo": 0.2864901670136587,
          "hi": 0.7151141969388024
        }
      },
      "corrected, best recipe (lat/lon/|lat|)": {
        "mae": {
          "point": 11.772133029638503,
          "lo": 11.637924230883327,
          "hi": 11.911971860121461
        },
        "rmse": {
          "point": 16.527182369232456,
          "lo": 16.276675672150702,
          "hi": 16.774400353456507
        },
        "abs_bias": {
          "point": 0.26481428442188293,
          "lo": 0.03126646871022105,
          "hi": 0.5051214100045597
        }
      }
    },
    "d26": {
      "raw RTOFS": {
        "mae": {
          "point": 14.923275335814157,
          "lo": 14.73465117859619,
          "hi": 15.12224091554193
        },
        "rmse": {
          "point": 20.036119826408783,
          "lo": 19.76433792357936,
          "hi": 20.319159023778134
        },
        "abs_bias": {
          "point": 9.483142653189264,
          "lo": 9.262720589316835,
          "hi": 9.707225861805986
        }
      },
      "corrected, no coordinate features": {
        "mae": {
          "point": 12.478351359130567,
          "lo": 12.32325250993265,
          "hi": 12.636053531609216
        },
        "rmse": {
          "point": 16.611105539977757,
          "lo": 16.382876547542065,
          "hi": 16.86085574846715
        },
        "abs_bias": {
          "point": 0.49831186709135966,
          "lo": 0.3141028190446444,
          "hi": 0.6855756655745091
        }
      },
      "corrected, best recipe (lat/lon/|lat|)": {
        "mae": {
          "point": 11.138781581508184,
          "lo": 11.026747240339049,
          "hi": 11.242560290305953
        },
        "rmse": {
          "point": 14.755100136274038,
          "lo": 14.541394514459395,
          "hi": 14.96785041866866
        },
        "abs_bias": {
          "point": 0.3670164117795518,
          "lo": 0.21507735970459535,
          "hi": 0.5225040213357861
        }
      }
    }
  }
}