evaluation,model,mae,rmse,r2,bias,rows,events
combined_grouped_cv,rf_delta,12.469836180872159,17.4144726812975,0.8419255621778914,-0.11264522334647577,452,3
combined_grouped_cv,gbr_delta,13.29973920580318,18.228161812830525,0.8268084337911668,-0.5046296592286419,452,3
combined_grouped_cv,ridge_delta,14.710136600103471,19.41618881527439,0.8034971006496746,-0.11620229927737745,452,3
combined_grouped_cv,raw_rtofs,16.93177611614418,23.825672698280357,0.7041092885145066,-9.983595501804889,452,3
