evaluation,model,mae,rmse,r2,bias,rows,events
combined_grouped_cv,rf_delta,12.899108410853067,18.20613761503427,0.8450051540620435,0.05991827051051608,445,3
combined_grouped_cv,gbr_delta,13.725807798207596,18.523473498699367,0.8395548952137905,-0.3125277906264955,445,3
combined_grouped_cv,ridge_delta,15.37618154167617,20.23147365976248,0.8086023283159096,0.15824812367929045,445,3
combined_grouped_cv,raw_rtofs,17.91770688707257,25.28214664074333,0.7011112928483487,-11.04567234571295,445,3
