evaluation,holdout_event,train_events,model,mae,rmse,r2,bias,rows
leave_one_storm_out,BERYL_2024,HELENE_2024,raw_rtofs,17.56284099819895,25.480512851412275,0.6283838389193612,-12.609809302925813,347
leave_one_storm_out,BERYL_2024,HELENE_2024,rf_delta,21.47406603427341,26.13016670062482,0.6091927394580693,11.50744955984747,347
leave_one_storm_out,BERYL_2024,HELENE_2024,gbr_delta,23.637078682011477,28.085406508810646,0.5485187785446365,15.561314937013334,347
leave_one_storm_out,BERYL_2024,HELENE_2024,ridge_delta,751.0496031719105,760.2072834332652,-329.7823400787138,751.0496031719105,347
leave_one_storm_out,HELENE_2024,BERYL_2024,gbr_delta,19.444649302080734,24.87899586078239,0.7773201811702579,6.954203213720048,33
leave_one_storm_out,HELENE_2024,BERYL_2024,rf_delta,20.490158711714383,26.47348151436824,0.747862593454978,7.939514646217731,33
leave_one_storm_out,HELENE_2024,BERYL_2024,raw_rtofs,20.695042842659117,26.638460137067636,0.744710239206531,-5.604685118360964,33
leave_one_storm_out,HELENE_2024,BERYL_2024,ridge_delta,197.3755461923671,198.65221143714953,-13.197176180043034,197.3755461923671,33
