model,target,mae,rmse,r2,bias
gbr_delta,delta_tchp,15.292003163360695,19.686780973089334,0.8524668155520365,-0.9049823519110768
rf_delta,delta_tchp,16.111102118656913,20.24019192118974,0.8440556839325248,-0.1036009069266789
ridge_delta,delta_tchp,18.229088711733954,22.129864316028925,0.8135777266019513,-0.12392949986569984
raw_rtofs,obs_tchp,18.40211268560781,23.445229337928165,0.7907578045703646,-5.4579347203245145
