evaluation,model,mae,rmse,r2,bias,rows,events
combined_grouped_cv,rf_delta,12.733908285943384,18.550355090494822,0.8227097466679769,-0.4556708469539219,380,2
combined_grouped_cv,gbr_delta,13.477192525225076,19.019989277321503,0.8136192986967639,0.020088793044700955,380,2
combined_grouped_cv,ridge_delta,15.171403195278137,20.230408547474262,0.7891421797635445,-0.2716972105384165,380,2
combined_grouped_cv,raw_rtofs,17.834848000481017,25.583149631924098,0.66279933072833,-12.00146957110834,380,2
