evaluation,holdout_event,train_events,model,mae,rmse,r2,bias,rows
leave_one_storm_out,HELENE_2024,MILTON_2024,gbr_delta,17.96569982044324,23.71206512912597,0.797719544959755,7.023769920737857,33
leave_one_storm_out,HELENE_2024,MILTON_2024,rf_delta,18.185776939813948,24.239724112024152,0.7886167802658482,6.0860224491475465,33
leave_one_storm_out,HELENE_2024,MILTON_2024,raw_rtofs,20.695042842659117,26.638460137067636,0.744710239206531,-5.604685118360964,33
leave_one_storm_out,HELENE_2024,MILTON_2024,ridge_delta,21.222074841988782,25.965780301695098,0.7574407059575918,15.851920862007784,33
leave_one_storm_out,MILTON_2024,HELENE_2024,raw_rtofs,18.40211268560781,23.44522933792817,0.7907578045703646,-5.457934720324514,65
leave_one_storm_out,MILTON_2024,HELENE_2024,gbr_delta,19.708428755440945,24.812907299856196,0.7656334626443256,2.9267200780392573,65
leave_one_storm_out,MILTON_2024,HELENE_2024,rf_delta,20.55568215013466,26.10301443264167,0.740628875736181,2.8088434155455175,65
leave_one_storm_out,MILTON_2024,HELENE_2024,ridge_delta,26.490703472168207,31.881668919863728,0.6130789189997141,16.267395998878982,65
