evaluation,model,mae,rmse,r2,bias,rows,events
combined_grouped_cv,gbr_delta,17.464871267886824,21.833977119946443,0.8224059090703225,-0.41322150262472496,98,2
combined_grouped_cv,ridge_delta,17.910182172035636,21.99580428871651,0.8197636003961857,0.35300877612363807,98,2
combined_grouped_cv,rf_delta,18.08524298249531,22.850120749129683,0.8054909518904313,-0.3714144136550262,98,2
combined_grouped_cv,raw_rtofs,19.174221820125084,24.56689535543296,0.7751652884084941,-5.507350670683726,98,2
