target,model,rows,mae,rmse,bias,corr
tchp,raw_rtofs_in_gom,2176,15.387479145473783,21.03312733925148,-8.087104945454595,0.9041729529625653
tchp,ml_global_in_gom,2176,13.052458833884419,17.482796776272107,-5.679597228480124,0.9312010597957949
tchp,ml_gom_local,2161,12.372358387088736,16.377379827933453,-3.0185725510083197,0.9325862046322151
d26,raw_rtofs_in_gom,2176,13.826114791002285,19.23947914404189,-4.622500205084193,0.9048240007139103
d26,ml_global_in_gom,2176,11.806797818610985,16.551118126154556,-4.0140835762709175,0.9243493005975699
d26,ml_gom_local,2161,11.231778150823613,15.776200412098943,-0.8245476038239211,0.9275891382560695
