target,model,rows,mae,rmse,bias,corr
tchp,raw_woa_climatology,76705,26.893573996043397,34.842960245064745,-22.997997849258446,0.8553192080441754
tchp,raw_rtofs,76705,17.681709484922116,24.0168222977582,-12.068254791576148,0.9122556892700006
tchp,corrected_woa,51933,17.214100808471265,23.803821272776933,1.7467342709099631,0.8798768262961896
tchp,corrected_rtofs,51933,12.085393899416305,16.88385614867891,0.3715342899536209,0.9411322580173194
d26,raw_woa_climatology,78803,16.892058218175737,23.31330325827935,-10.96141512697222,0.8346352276937065
d26,raw_rtofs,78803,14.930432465378953,19.968522181269588,-9.400782010742574,0.8843769936249766
d26,corrected_woa,53280,13.854783709800715,18.41506422840822,-1.0765723811510137,0.8780578567597896
d26,corrected_rtofs,53280,10.745969999172305,14.184949992387768,0.19391459954794144,0.928831785878579
